"Reference","Value","Footprint","Qty","lcsc#"
"C1","1u","Capacitor_SMD:C_0402_1005Metric","1","C52923"
"C2","1u","Capacitor_SMD:C_0402_1005Metric","1","C52923"
"C3","10u","Capacitor_SMD:C_0603_1608Metric","1","C19702"
"C4","10u","Capacitor_SMD:C_0603_1608Metric","1","C19702"
"C5","10u","Capacitor_SMD:C_0603_1608Metric","1","C19702"
"C7","1u","Capacitor_SMD:C_0402_1005Metric","1","C52923"
"C8","1u","Capacitor_SMD:C_0402_1005Metric","1","C52923"
"C9","1u","Capacitor_SMD:C_0402_1005Metric","1","C52923"
"C10","100n","Capacitor_SMD:C_0402_1005Metric","1","C77020"
"C11","100n","Capacitor_SMD:C_0402_1005Metric","1","C77020"
"C12","1u","Capacitor_SMD:C_0402_1005Metric","1","C52923"
"C13","150n","Capacitor_SMD:C_0402_1005Metric","1","C162182"
"C14","100n","Capacitor_SMD:C_0402_1005Metric","1","C77020"
"C15","100n","Capacitor_SMD:C_0402_1005Metric","1","C77020"
"C16","10u","Capacitor_SMD:C_0603_1608Metric","1","C19702"
"C17","10u","Capacitor_SMD:C_0603_1608Metric","1","C19702"
"C18","10u","Capacitor_SMD:C_0603_1608Metric","1","C19702"
"C19","10u","Capacitor_SMD:C_0603_1608Metric","1","C19702"
"C20","10u","Capacitor_SMD:C_0603_1608Metric","1","C19702"
"C21","100n","Capacitor_SMD:C_0402_1005Metric","1","C77020"
"C22","10u","Capacitor_SMD:C_0603_1608Metric","1","C19702"
"C23","1u","Capacitor_SMD:C_0402_1005Metric","1","C52923"
"C24","10u","Capacitor_SMD:C_0603_1608Metric","1","C19702"
"C25","1u","Capacitor_SMD:C_0402_1005Metric","1","C52923"
"D1","BAT54J","Diode_SMD:D_SOD-323F","1","C130415"
"D2","MBR0540","Diode_SMD:D_SOD-123","1","C116159"
"D3","LED","LED_SMD:LED_0603_1608Metric","1","C2286"
"J1","AudioJack3_Switch","Connector_Audio:Jack_6.35mm_Neutrik_NMJ6HCD2_Horizontal","1","C368502"
"J2","CUI_SJ2-35863B1-SMT-TR","myLibKicad:CUI_SJ2-35863B1-SMT-TR","1","C4992707"
"J3","CUI_SJ2-35863B1-SMT-TR","myLibKicad:CUI_SJ2-35863B1-SMT-TR","1","C4992707"
"J4","USB_C_Receptacle_USB2.0","Connector_USB:USB_C_Receptacle_HRO_TYPE-C-31-M-12","1","C165948"
"J5","AudioJack3_Switch","Connector_Audio:Jack_6.35mm_Neutrik_NMJ6HCD2_Horizontal","1","C368502"
"J6","AudioJack3_Switch","Connector_Audio:Jack_6.35mm_Neutrik_NMJ6HCD2_Horizontal","1","C368502"
"J7","AudioJack3_Switch","Connector_Audio:Jack_6.35mm_Neutrik_NMJ6HCD2_Horizontal","1","C368502"
"J8","Micro_SD_Card","Connector_Card:microSD_HC_Hirose_DM3BT-DSF-PEJS","1","C597972"
"J9","Conn_01x03","Connector_JST:JST_PH_B3B-PH-K_1x03_P2.00mm_Vertical","1","C131339"
"J11","Conn_01x05","Connector_JST:JST_PH_B5B-PH-K_1x05_P2.00mm_Vertical","1","C157993"
"J12","Conn_01x05","Connector_JST:JST_PH_B5B-PH-K_1x05_P2.00mm_Vertical","1","C157993"
"J13","Conn_01x05","Connector_JST:JST_PH_B5B-PH-K_1x05_P2.00mm_Vertical","1","C157993"
"J14","Conn_01x05","Connector_JST:JST_PH_B5B-PH-K_1x05_P2.00mm_Vertical","1","C157993"
"J15","Conn_01x05","Connector_JST:JST_PH_B5B-PH-K_1x05_P2.00mm_Vertical","1","C157993"
"J16","BATTERY","Connector_JST:JST_PH_B2B-PH-K_1x02_P2.00mm_Vertical","1","C131337"
"MK1","Microphone_Condenser","Sensor_Audio:POM-2244P-C3310-2-R","1","C3273559"
"Q1","DMG3415","Package_TO_SOT_SMD:SOT-23","1","C7202986"
"R1","22R","Resistor_SMD:R_0402_1005Metric","1","C25092"
"R2","22R","Resistor_SMD:R_0402_1005Metric","1","C25092"
"R3","22R","Resistor_SMD:R_0402_1005Metric","1","C25092"
"R4","22R","Resistor_SMD:R_0402_1005Metric","1","C25092"
"R5","22R","Resistor_SMD:R_0402_1005Metric","1","C25092"
"R6","220R","Resistor_SMD:R_0603_1608Metric","1","C22962"
"R7","220R","Resistor_SMD:R_0603_1608Metric","1","C22962"
"R8","220R","Resistor_SMD:R_0603_1608Metric","1","C22962"
"R9","5.1k","Resistor_SMD:R_0402_1005Metric","1","C25905"
"R10","5.1k","Resistor_SMD:R_0402_1005Metric","1","C25905"
"R11","2k2","Resistor_SMD:R_0603_1608Metric","1","C4190"
"R12","10k","Resistor_SMD:R_0402_1005Metric","1","C98220"
"R13","10k","Resistor_SMD:R_0402_1005Metric","1","C98220"
"R14","2k","Resistor_SMD:R_0603_1608Metric","1","C22975"
"R16","10k","Resistor_SMD:R_0402_1005Metric","1","C98220"
"R17","10k","Resistor_SMD:R_0402_1005Metric","1","C98220"
"R18","2k","Resistor_SMD:R_0603_1608Metric","1","C22975"
"SW1","EG2219","myLibKicad:EG2219","1","C3664594"
"U1","SPX3819M5-L-3-3","Package_TO_SOT_SMD:SOT-23-5","1","C9055"
"U2","SPX3819M5-L-1-8","Package_TO_SOT_SMD:SOT-23-5","1","C24639"
"U3","SGTL5000XNBA3","Package_DFN_QFN:QFN-32-1EP_5x5mm_P0.5mm_EP3.6x3.6mm","1"," C5196742"
"U4","TLP2361V4_E","myLibKicad:5pin SO6_TOS","1","C107626"
"U5","74LVC2G14","Package_TO_SOT_SMD:SOT-23-6","1","C12401"
"U7","SPX3819M5-L-3-3","Package_TO_SOT_SMD:SOT-23-5","1","C9055"
"U8","MCP73831-3-OT","Package_TO_SOT_SMD:SOT-23-5","1","C14879"
"U9","01x05 Connector_PinSocket_2.54mm","Connector_PinSocket_2.54mm:DuppaI2CEncoderV2.1","1","C50950"
"U10","01x05 Connector_PinSocket_2.54mm","Connector_PinSocket_2.54mm:DuppaI2CEncoderV2.1","1","C50950"
"U11","01x05 Connector_PinSocket_2.54mm","Connector_PinSocket_2.54mm:DuppaI2CEncoderV2.1","1","C50950"
"U12","01x05 Connector_PinSocket_2.54mm","Connector_PinSocket_2.54mm:DuppaI2CEncoderV2.1","1","C50950"
"U13","01x05 Connector_PinSocket_2.54mm","Connector_PinSocket_2.54mm:DuppaI2CEncoderV2.1","1","C50950"
"U14","01x05 Connector_PinSocket_2.54mm","Connector_PinSocket_2.54mm:DuppaI2CEncoderV2.1","1","C50950"
"U15","01x05 Connector_PinSocket_2.54mm","Connector_PinSocket_2.54mm:DuppaI2CEncoderV2.1","1","C50950"
"U16","01x05 Connector_PinSocket_2.54mm","Connector_PinSocket_2.54mm:DuppaI2CEncoderV2.1","1","C50950"
